login,hash_password
admin,1a9ffe46dd355b47bd92574a6278ba2506410030d0aacac5975f87a6f3ce176e
yaryna,a9e8a7ea345a382591cc4324c06838fdec0c45e1432270dccc2a609d93d591bb
user1,100c1a1388febf3815f928111453ac01ae9c038c80af0ab845e5b5ad72027102
test_acc,86189348341e4e9cf38bbe8df0f043772ed047d5b2f6a64f2514c9b65729e51a
manager,2139f3fdc505c4d15f4abee93dc9abf595b04b9c06c69d3945080b8bc88a149a
guest,f743d479be097b81539bfa37cdca4b05ffa6d58a2f6f4ce892772ae3eab7dfe1
developer,ce90c393072821977ea762420e7b303919c80cca2a1126fcd4b3c714b6b8b81f
analyst,3dd0b816fd89ed58d007bb7df43f21587d15e7d75abaf130b3e8f261b399c37b
ceo,203fbc1f4e52f905ea079b8182a64d2c9d0c9b0ec77e217725775ad10884426b
